{
    "name": "draft",
    "modules": [
        {
            "id": "response_1",
            "point": {
                "x": 438,
                "y": 1060
            },
            "type": "response",
            "next_modules": [
                {
                    "id": "response_3",
                    "outcome": "single",
                    "incoming_side": "left",
                    "outgoing_side": "right"
                }
            ],
            "response_fields": {
                "ai_mode": "manual",
                "text": "Changing color..."
            }
        },
        {
            "id": "response_2",
            "point": {
                "x": 388,
                "y": 1795
            },
            "type": "response",
            "response_fields": {
                "ai_mode": "manual",
                "text": "{game_state.looking_at_shub}"
            }
        },
        {
            "id": "context_1",
            "point": {
                "x": 502,
                "y": 2124
            },
            "type": "context",
            "context_fields": {
                "context_type": "set",
                "set_fields": {
                    "path": "updated_info",
                    "value": "different_value"
                }
            }
        },
        {
            "id": "response_3",
            "point": {
                "x": 884,
                "y": 1061
            },
            "type": "response",
            "label": "Response",
            "next_modules": [
                {
                    "id": "response_5",
                    "outcome": "single",
                    "incoming_side": "left",
                    "outgoing_side": "right"
                }
            ],
            "response_fields": {
                "ai_mode": "manual",
                "action": "change_color"
            }
        },
        {
            "id": "input_1",
            "point": {
                "x": -1500,
                "y": 806
            },
            "type": "input",
            "next_modules": [
                {
                    "id": "decision_3",
                    "outcome": "single",
                    "incoming_side": "left",
                    "outgoing_side": "right"
                }
            ]
        },
        {
            "id": "context_2",
            "point": {
                "x": 67,
                "y": 2114
            },
            "type": "context",
            "next_modules": [
                {
                    "id": "context_1",
                    "outcome": "single",
                    "incoming_side": "left",
                    "outgoing_side": "right"
                }
            ],
            "context_fields": {
                "context_type": "set",
                "set_fields": {
                    "path": "updated_info",
                    "value": "server_value"
                }
            }
        },
        {
            "id": "response_4",
            "point": {
                "x": 0,
                "y": 1400
            },
            "type": "response",
            "response_fields": {
                "ai_mode": "manual",
                "text": "Well you have to tell me a color to change to!"
            }
        },
        {
            "id": "response_5",
            "point": {
                "x": 1343,
                "y": 1061
            },
            "type": "response",
            "label": "Response",
            "response_fields": {
                "ai_mode": "manual",
                "text": "As you can see, I have turned {color[0].value}."
            }
        },
        {
            "id": "response_6",
            "point": {
                "x": -500,
                "y": 700
            },
            "type": "response",
            "response_fields": {
                "ai_mode": "manual",
                "text": "Context map now has \"{updated_info}\""
            }
        },
        {
            "id": "decision_1",
            "point": {
                "x": -1000,
                "y": 1050
            },
            "type": "decision",
            "label": "Decision",
            "next_modules": [
                {
                    "id": "response_4",
                    "outcome": "negative",
                    "incoming_side": "left",
                    "outgoing_side": "right"
                },
                {
                    "id": "context_3",
                    "outcome": "positive",
                    "incoming_side": "left",
                    "outgoing_side": "right"
                }
            ],
            "decision_fields": {
                "condition_root": "decision_1_intent_1",
                "condition_nodes": [
                    {
                        "id": "decision_1_intent_1",
                        "condition_type": "intent",
                        "intent_fields": {
                            "intent": "change_color",
                            "threshold": 0.8
                        }
                    }
                ]
            }
        },
        {
            "id": "decision_2",
            "point": {
                "x": 0,
                "y": 1050
            },
            "type": "decision",
            "label": "Decision",
            "next_modules": [
                {
                    "id": "response_4",
                    "outcome": "negative",
                    "incoming_side": "left",
                    "outgoing_side": "right"
                },
                {
                    "id": "response_1",
                    "outcome": "positive",
                    "incoming_side": "left",
                    "outgoing_side": "right"
                }
            ],
            "decision_fields": {
                "condition_root": "decision_2_context_with_value_1",
                "condition_nodes": [
                    {
                        "id": "decision_2_context_with_value_1",
                        "condition_type": "context_with_value",
                        "context_with_value_fields": {
                            "path": "color"
                        }
                    }
                ]
            }
        },
        {
            "id": "input_2",
            "point": {
                "x": -951,
                "y": 1767
            },
            "type": "input",
            "next_modules": [
                {
                    "id": "response_7",
                    "outcome": "single",
                    "incoming_side": "left",
                    "outgoing_side": "right"
                }
            ]
        },
        {
            "id": "decision_3",
            "point": {
                "x": -1000,
                "y": 700
            },
            "type": "decision",
            "label": "Decision",
            "next_modules": [
                {
                    "id": "decision_1",
                    "outcome": "negative",
                    "incoming_side": "left",
                    "outgoing_side": "right"
                },
                {
                    "id": "response_6",
                    "outcome": "positive",
                    "incoming_side": "left",
                    "outgoing_side": "right"
                }
            ],
            "decision_fields": {
                "condition_root": "decision_3_context_with_value_1",
                "condition_nodes": [
                    {
                        "id": "decision_3_context_with_value_1",
                        "condition_type": "context_with_value",
                        "context_with_value_fields": {
                            "path": "updated_info"
                        }
                    }
                ]
            }
        },
        {
            "id": "context_3",
            "point": {
                "x": -500,
                "y": 1050
            },
            "type": "context",
            "label": "Context",
            "next_modules": [
                {
                    "id": "decision_2",
                    "outcome": "single",
                    "incoming_side": "left",
                    "outgoing_side": "right"
                }
            ],
            "context_fields": {
                "context_type": "save",
                "save_fields": {
                    "path": "color",
                    "entity": "color:color"
                }
            }
        },
        {
            "id": "response_7",
            "point": {
                "x": -449,
                "y": 1813
            },
            "type": "response",
            "next_modules": [
                {
                    "id": "context_4",
                    "outcome": "single",
                    "incoming_side": "left",
                    "outgoing_side": "right"
                }
            ],
            "response_fields": {
                "ai_mode": "manual",
                "text": "{boom}"
            }
        },
        {
            "id": "context_4",
            "point": {
                "x": -7,
                "y": 1823
            },
            "type": "context",
            "context_fields": {
                "context_type": "set",
                "set_fields": {
                    "path": "readOnly1",
                    "value": "readValue1"
                }
            }
        }
    ]
}
