{
    "name": "live",
    "modules": [
        {
            "id": "context_1",
            "point": {
                "x": 354,
                "y": -218
            },
            "type": "context",
            "label": "Context",
            "next_modules": [
                {
                    "id": "decision_2",
                    "outcome": "single",
                    "incoming_side": "left",
                    "outgoing_side": "right"
                }
            ],
            "context_fields": {
                "context_type": "save",
                "save_fields": {
                    "path": "color",
                    "entity": "color:color"
                }
            }
        },
        {
            "id": "response_1",
            "point": {
                "x": -109,
                "y": -387
            },
            "type": "response",
            "response_fields": {
                "ai_mode": "manual",
                "text": "Context map now has \"{updated_info}\""
            }
        },
        {
            "id": "decision_1",
            "point": {
                "x": -556,
                "y": -155
            },
            "type": "decision",
            "label": "Decision",
            "next_modules": [
                {
                    "id": "decision_3",
                    "outcome": "negative",
                    "incoming_side": "left",
                    "outgoing_side": "right"
                },
                {
                    "id": "response_1",
                    "outcome": "positive",
                    "incoming_side": "left",
                    "outgoing_side": "right"
                }
            ],
            "decision_fields": {
                "condition_root": "decision_1_context_with_value_1",
                "condition_nodes": [
                    {
                        "id": "decision_1_context_with_value_1",
                        "condition_type": "context_with_value",
                        "context_with_value_fields": {
                            "path": "updated_info"
                        }
                    }
                ]
            }
        },
        {
            "id": "response_2",
            "point": {
                "x": 1242,
                "y": 63
            },
            "type": "response",
            "response_fields": {
                "ai_mode": "manual",
                "text": "Well you have to tell me a color to change to!"
            }
        },
        {
            "id": "decision_2",
            "point": {
                "x": 766,
                "y": -220
            },
            "type": "decision",
            "next_modules": [
                {
                    "id": "response_2",
                    "outcome": "negative",
                    "incoming_side": "left",
                    "outgoing_side": "right"
                },
                {
                    "id": "response_3",
                    "outcome": "positive",
                    "incoming_side": "left",
                    "outgoing_side": "right"
                }
            ],
            "decision_fields": {
                "condition_root": "decision_2_context_with_value_1",
                "condition_nodes": [
                    {
                        "id": "decision_2_context_with_value_1",
                        "condition_type": "context_with_value",
                        "context_with_value_fields": {
                            "path": "color"
                        }
                    }
                ]
            }
        },
        {
            "id": "response_3",
            "point": {
                "x": 1240,
                "y": -221
            },
            "type": "response",
            "label": "Response",
            "response_fields": {
                "ai_mode": "manual",
                "text": "As you can see, I have turned {color[0].value}.",
                "action": "change_color"
            }
        },
        {
            "id": "input_1",
            "point": {
                "x": -975,
                "y": -156
            },
            "type": "input",
            "next_modules": [
                {
                    "id": "decision_1",
                    "outcome": "single",
                    "incoming_side": "left",
                    "outgoing_side": "right"
                }
            ]
        },
        {
            "id": "decision_3",
            "point": {
                "x": -99,
                "y": -31
            },
            "type": "decision",
            "label": "Decision",
            "next_modules": [
                {
                    "id": "response_2",
                    "outcome": "negative",
                    "incoming_side": "left",
                    "outgoing_side": "right"
                },
                {
                    "id": "context_1",
                    "outcome": "positive",
                    "incoming_side": "left",
                    "outgoing_side": "right"
                }
            ],
            "decision_fields": {
                "condition_root": "decision_3_intent_1",
                "condition_nodes": [
                    {
                        "id": "decision_3_intent_1",
                        "condition_type": "intent",
                        "intent_fields": {
                            "intent": "change_color",
                            "threshold": 0.8
                        }
                    }
                ]
            }
        }
    ]
}
