{
    "utterances": [
        {
            "text": "Airplane",
            "entities": [],
            "traits": []
        },
        {
            "text": "Ball",
            "entities": [
                {
                    "entity": "shape:shape",
                    "start": 0,
                    "end": 4,
                    "body": "Ball",
                    "entities": []
                }
            ],
            "traits": [],
            "intent": "shape_select"
        },
        {
            "text": "Battery",
            "entities": [],
            "traits": []
        },
        {
            "text": "Bed",
            "entities": [],
            "traits": []
        },
        {
            "text": "Bicycle",
            "entities": [],
            "traits": []
        },
        {
            "text": "Bison",
            "entities": [],
            "traits": []
        },
        {
            "text": "Black",
            "entities": [
                {
                    "entity": "color:color",
                    "start": 0,
                    "end": 5,
                    "body": "Black",
                    "entities": []
                }
            ],
            "traits": [],
            "intent": "change_color"
        },
        {
            "text": "Block",
            "entities": [
                {
                    "entity": "shape:shape",
                    "start": 0,
                    "end": 5,
                    "body": "Block",
                    "entities": []
                }
            ],
            "traits": [],
            "intent": "shape_select"
        },
        {
            "text": "Blue",
            "entities": [
                {
                    "entity": "color:color",
                    "start": 0,
                    "end": 4,
                    "body": "Blue",
                    "entities": []
                }
            ],
            "traits": [],
            "intent": "change_color"
        },
        {
            "text": "Bottom",
            "entities": [],
            "traits": []
        },
        {
            "text": "Box",
            "entities": [
                {
                    "entity": "shape:shape",
                    "start": 0,
                    "end": 3,
                    "body": "Box",
                    "entities": []
                }
            ],
            "traits": [],
            "intent": "shape_select"
        },
        {
            "text": "Bread",
            "entities": [],
            "traits": []
        },
        {
            "text": "Brown fox",
            "entities": [
                {
                    "entity": "color:color",
                    "start": 0,
                    "end": 5,
                    "body": "Brown",
                    "entities": []
                }
            ],
            "traits": [],
            "intent": "change_color"
        },
        {
            "text": "Cal",
            "entities": [],
            "traits": []
        },
        {
            "text": "Change cube",
            "entities": [
                {
                    "entity": "shape:shape",
                    "start": 7,
                    "end": 11,
                    "body": "cube",
                    "entities": []
                }
            ],
            "traits": [],
            "intent": "shape_select"
        },
        {
            "text": "Change the cube to red",
            "entities": [
                {
                    "entity": "shape:shape",
                    "start": 11,
                    "end": 15,
                    "body": "cube",
                    "entities": []
                }
            ],
            "traits": [],
            "intent": "shape_select"
        },
        {
            "text": "Circle",
            "entities": [
                {
                    "entity": "shape:shape",
                    "start": 0,
                    "end": 6,
                    "body": "Circle",
                    "entities": []
                }
            ],
            "traits": [],
            "intent": "shape_select"
        },
        {
            "text": "Cube",
            "entities": [
                {
                    "entity": "shape:shape",
                    "start": 0,
                    "end": 4,
                    "body": "Cube",
                    "entities": []
                }
            ],
            "traits": [],
            "intent": "shape_select"
        },
        {
            "text": "Cube pentagan trap is",
            "entities": [
                {
                    "entity": "shape:shape",
                    "start": 0,
                    "end": 4,
                    "body": "Cube",
                    "entities": []
                }
            ],
            "traits": [],
            "intent": "shape_select"
        },
        {
            "text": "Cube pentagan trap is a",
            "entities": [
                {
                    "entity": "shape:shape",
                    "start": 0,
                    "end": 4,
                    "body": "Cube",
                    "entities": []
                }
            ],
            "traits": [],
            "intent": "shape_select"
        },
        {
            "text": "Cute to be or",
            "entities": [],
            "traits": []
        },
        {
            "text": "Find the capsule",
            "entities": [
                {
                    "entity": "shape:shape",
                    "start": 9,
                    "end": 16,
                    "body": "capsule",
                    "entities": []
                }
            ],
            "traits": [],
            "intent": "shape_select"
        },
        {
            "text": "Find the cylinder",
            "entities": [
                {
                    "entity": "shape:shape",
                    "start": 9,
                    "end": 17,
                    "body": "cylinder",
                    "entities": []
                }
            ],
            "traits": [],
            "intent": "shape_select"
        },
        {
            "text": "Get cube",
            "entities": [
                {
                    "entity": "shape:shape",
                    "start": 4,
                    "end": 8,
                    "body": "cube",
                    "entities": []
                }
            ],
            "traits": [],
            "intent": "shape_select"
        },
        {
            "text": "Good afternoon",
            "entities": [],
            "traits": []
        },
        {
            "text": "Green",
            "entities": [
                {
                    "entity": "color:color",
                    "start": 0,
                    "end": 5,
                    "body": "Green",
                    "entities": []
                }
            ],
            "traits": [],
            "intent": "change_color"
        },
        {
            "text": "Magenta",
            "entities": [
                {
                    "entity": "color:color",
                    "start": 0,
                    "end": 7,
                    "body": "Magenta",
                    "entities": []
                }
            ],
            "traits": [],
            "intent": "change_color"
        },
        {
            "text": "Make it orange",
            "entities": [
                {
                    "entity": "color:color",
                    "start": 8,
                    "end": 14,
                    "body": "orange",
                    "entities": []
                }
            ],
            "traits": [],
            "intent": "change_color"
        },
        {
            "text": "Make it yellow",
            "entities": [
                {
                    "entity": "color:color",
                    "start": 8,
                    "end": 14,
                    "body": "yellow",
                    "entities": []
                }
            ],
            "traits": [],
            "intent": "change_color"
        },
        {
            "text": "Make purple",
            "entities": [
                {
                    "entity": "color:color",
                    "start": 5,
                    "end": 11,
                    "body": "purple",
                    "entities": []
                }
            ],
            "traits": [],
            "intent": "change_color"
        },
        {
            "text": "Not",
            "entities": [],
            "traits": []
        },
        {
            "text": "Orange",
            "entities": [
                {
                    "entity": "color:color",
                    "start": 0,
                    "end": 6,
                    "body": "Orange",
                    "entities": []
                }
            ],
            "traits": [],
            "intent": "change_color"
        },
        {
            "text": "Phone",
            "entities": [],
            "traits": []
        },
        {
            "text": "Pink",
            "entities": [],
            "traits": [],
            "intent": "change_color"
        },
        {
            "text": "Pyramid, pentagan, cube",
            "entities": [
                {
                    "entity": "shape:shape",
                    "start": 19,
                    "end": 23,
                    "body": "cube",
                    "entities": []
                }
            ],
            "traits": [],
            "intent": "shape_select"
        },
        {
            "text": "Rain",
            "entities": [],
            "traits": []
        },
        {
            "text": "Red",
            "entities": [
                {
                    "entity": "color:color",
                    "start": 0,
                    "end": 3,
                    "body": "Red",
                    "entities": []
                }
            ],
            "traits": [],
            "intent": "change_color"
        },
        {
            "text": "Red cube",
            "entities": [
                {
                    "entity": "shape:shape",
                    "start": 4,
                    "end": 8,
                    "body": "cube",
                    "entities": []
                },
                {
                    "entity": "color:color",
                    "start": 0,
                    "end": 3,
                    "body": "Red",
                    "entities": []
                }
            ],
            "traits": [],
            "intent": "change_color"
        },
        {
            "text": "Red to be",
            "entities": [
                {
                    "entity": "color:color",
                    "start": 0,
                    "end": 3,
                    "body": "Red",
                    "entities": []
                }
            ],
            "traits": [],
            "intent": "change_color"
        },
        {
            "text": "Red to be or not to be that it",
            "entities": [
                {
                    "entity": "color:color",
                    "start": 0,
                    "end": 3,
                    "body": "Red",
                    "entities": []
                }
            ],
            "traits": [],
            "intent": "change_color"
        },
        {
            "text": "See you later",
            "entities": [],
            "traits": []
        },
        {
            "text": "Select Coope",
            "entities": [
                {
                    "entity": "shape:shape",
                    "start": 7,
                    "end": 12,
                    "body": "Coope",
                    "entities": []
                }
            ],
            "traits": [],
            "intent": "shape_select"
        },
        {
            "text": "Select Pyramid",
            "entities": [],
            "traits": []
        },
        {
            "text": "Select ball",
            "entities": [
                {
                    "entity": "shape:shape",
                    "start": 7,
                    "end": 11,
                    "body": "ball",
                    "entities": []
                }
            ],
            "traits": [],
            "intent": "shape_select"
        },
        {
            "text": "Select circle",
            "entities": [
                {
                    "entity": "shape:shape",
                    "start": 7,
                    "end": 13,
                    "body": "circle",
                    "entities": []
                }
            ],
            "traits": [],
            "intent": "shape_select"
        },
        {
            "text": "Select cube",
            "entities": [
                {
                    "entity": "shape:shape",
                    "start": 7,
                    "end": 11,
                    "body": "cube",
                    "entities": []
                }
            ],
            "traits": [],
            "intent": "shape_select"
        },
        {
            "text": "Select pipe",
            "entities": [
                {
                    "entity": "shape:shape",
                    "start": 7,
                    "end": 11,
                    "body": "pipe",
                    "entities": []
                }
            ],
            "traits": [],
            "intent": "shape_select"
        },
        {
            "text": "Select the cube",
            "entities": [
                {
                    "entity": "shape:shape",
                    "start": 11,
                    "end": 15,
                    "body": "cube",
                    "entities": []
                }
            ],
            "traits": [],
            "intent": "shape_select"
        },
        {
            "text": "Select the pentagan and go for a walk",
            "entities": [],
            "traits": []
        },
        {
            "text": "Spear",
            "entities": [],
            "traits": []
        },
        {
            "text": "Sphere",
            "entities": [
                {
                    "entity": "shape:shape",
                    "start": 0,
                    "end": 6,
                    "body": "Sphere",
                    "entities": []
                }
            ],
            "traits": [],
            "intent": "shape_select"
        },
        {
            "text": "Sushi",
            "entities": [],
            "traits": []
        },
        {
            "text": "Testing is this working",
            "entities": [],
            "traits": []
        },
        {
            "text": "Tone red",
            "entities": [
                {
                    "entity": "color:color",
                    "start": 5,
                    "end": 8,
                    "body": "red",
                    "entities": []
                }
            ],
            "traits": [],
            "intent": "change_color"
        },
        {
            "text": "Trap is only the pyramid cube",
            "entities": [
                {
                    "entity": "shape:shape",
                    "start": 25,
                    "end": 29,
                    "body": "cube",
                    "entities": []
                }
            ],
            "traits": [],
            "intent": "shape_select"
        },
        {
            "text": "Trapazori",
            "entities": [],
            "traits": []
        },
        {
            "text": "Trapizoid",
            "entities": [],
            "traits": [],
            "intent": "shape_select"
        },
        {
            "text": "Turn Blue",
            "entities": [
                {
                    "entity": "color:color",
                    "start": 5,
                    "end": 9,
                    "body": "Blue",
                    "entities": []
                }
            ],
            "traits": [],
            "intent": "change_color"
        },
        {
            "text": "Turn magenta",
            "entities": [
                {
                    "entity": "color:color",
                    "start": 5,
                    "end": 12,
                    "body": "magenta",
                    "entities": []
                }
            ],
            "traits": [],
            "intent": "change_color"
        },
        {
            "text": "Turn orange",
            "entities": [
                {
                    "entity": "color:color",
                    "start": 5,
                    "end": 11,
                    "body": "orange",
                    "entities": []
                }
            ],
            "traits": [],
            "intent": "change_color"
        },
        {
            "text": "Turn red",
            "entities": [
                {
                    "entity": "color:color",
                    "start": 5,
                    "end": 8,
                    "body": "red",
                    "entities": []
                }
            ],
            "traits": [],
            "intent": "change_color"
        },
        {
            "text": "Turn the Pyramid Red",
            "entities": [],
            "traits": []
        },
        {
            "text": "Turn the cube bread",
            "entities": [
                {
                    "entity": "shape:shape",
                    "start": 9,
                    "end": 13,
                    "body": "cube",
                    "entities": []
                }
            ],
            "traits": [],
            "intent": "shape_select"
        },
        {
            "text": "Turquoise",
            "entities": [],
            "traits": []
        },
        {
            "text": "What's wrong",
            "entities": [],
            "traits": []
        },
        {
            "text": "White",
            "entities": [
                {
                    "entity": "color:color",
                    "start": 0,
                    "end": 5,
                    "body": "White",
                    "entities": []
                }
            ],
            "traits": [],
            "intent": "change_color"
        },
        {
            "text": "Yeah, sure",
            "entities": [],
            "traits": []
        },
        {
            "text": "Yellow",
            "entities": [
                {
                    "entity": "color:color",
                    "start": 0,
                    "end": 6,
                    "body": "Yellow",
                    "entities": []
                }
            ],
            "traits": [],
            "intent": "change_color"
        },
        {
            "text": "Yellow to be",
            "entities": [
                {
                    "entity": "color:color",
                    "start": 0,
                    "end": 6,
                    "body": "Yellow",
                    "entities": []
                }
            ],
            "traits": [],
            "intent": "change_color"
        },
        {
            "text": "brown",
            "entities": [
                {
                    "entity": "color:color",
                    "start": 0,
                    "end": 5,
                    "body": "brown",
                    "entities": []
                }
            ],
            "traits": [],
            "intent": "change_color"
        },
        {
            "text": "turn blue",
            "entities": [
                {
                    "entity": "color:color",
                    "start": 5,
                    "end": 9,
                    "body": "blue",
                    "entities": []
                }
            ],
            "traits": [],
            "intent": "change_color"
        },
        {
            "text": "turn green",
            "entities": [
                {
                    "entity": "color:color",
                    "start": 5,
                    "end": 10,
                    "body": "green",
                    "entities": []
                }
            ],
            "traits": [],
            "intent": "change_color"
        }
    ]
}
