{
    "name": "shape",
    "roles": [
        "shape"
    ],
    "lookups": [
        "keywords"
    ],
    "keywords": [
        {
            "keyword": "Ball",
            "synonyms": [
                "ball"
            ]
        },
        {
            "keyword": "Block",
            "synonyms": [
                "block"
            ]
        },
        {
            "keyword": "Box",
            "synonyms": [
                "box"
            ]
        },
        {
            "keyword": "Coope",
            "synonyms": [
                "coope"
            ]
        },
        {
            "keyword": "capsule",
            "synonyms": [
                "capsule",
                "pill"
            ]
        },
        {
            "keyword": "circle",
            "synonyms": [
                "circle"
            ]
        },
        {
            "keyword": "cube",
            "synonyms": [
                "block",
                "box",
                "coope",
                "coupe",
                "cube",
                "square"
            ]
        },
        {
            "keyword": "cylinder",
            "synonyms": [
                "can",
                "cylinder",
                "pipe"
            ]
        },
        {
            "keyword": "pipe",
            "synonyms": [
                "pipe"
            ]
        },
        {
            "keyword": "sphere",
            "synonyms": [
                "ball",
                "circle",
                "fear",
                "spear",
                "sphere"
            ]
        }
    ]
}
